{"ContentRoots":["D:\\Code\\BudgetPlannerCodex\\ExpenseManager\\obj\\Debug\\net10.0\\scopedcss\\bundle\\","D:\\Code\\BudgetPlannerCodex\\ExpenseManager\\obj\\Debug\\net10.0\\compressed\\","D:\\Code\\BudgetPlannerCodex\\ExpenseManager\\wwwroot\\","C:\\Users\\Mugunth\\.nuget\\packages\\microsoft.aspnetcore.identity.ui\\10.0.3\\staticwebassets\\V5\\"],"Root":{"Children":{"ExpenseManager.styles.css":{"Children":null,"Asset":{"ContentRootIndex":0,"SubPath":"ExpenseManager.styles.css"},"Patterns":null},"ExpenseManager.styles.css.gz":{"Children":null,"Asset":{"ContentRootIndex":1,"SubPath":"k9q91apgvk-{0}-q6jbly6cif-q6jbly6cif.gz"},"Patterns":null},"favicon.ico":{"Children":null,"Asset":{"ContentRootIndex":2,"SubPath":"favicon.ico"},"Patterns":null},"favicon.ico.gz":{"Children":null,"Asset":{"ContentRootIndex":1,"SubPath":"jfym8wisx7-{0}-61n19gt1b8-61n19gt1b8.gz"},"Patterns":null},"css":{"Children":{"site.css":{"Children":null,"Asset":{"ContentRootIndex":2,"SubPath":"css/site.css"},"Patterns":null},"site.css.gz":{"Children":null,"Asset":{"ContentRootIndex":1,"SubPath":"jt692lvhdh-{0}-4yrqik0pk2-4yrqik0pk2.gz"},"Patterns":null}},"Asset":null,"Patterns":null},"Identity":{"Children":{"favicon.ico":{"Children":null,"Asset":{"ContentRootIndex":3,"SubPath":"favicon.ico"},"Patterns":null},"favicon.ico.gz":{"Children":null,"Asset":{"ContentRootIndex":1,"SubPath":"j9swiz3yzq-{0}-90yqlj465b-90yqlj465b.gz"},"Patterns":null},"css":{"Children":{"site.css":{"Children":null,"Asset":{"ContentRootIndex":3,"SubPath":"css/site.css"},"Patterns":null},"site.css.gz":{"Children":null,"Asset":{"ContentRootIndex":1,"SubPath":"ofa40bqe71-{0}-b9sayid5wm-b9sayid5wm.gz"},"Patterns":null}},"Asset":null,"Patterns":null},"js":{"Children":{"site.js":{"Children":null,"Asset":{"ContentRootIndex":3,"SubPath":"js/site.js"},"Patterns":null},"site.js.gz":{"Children":null,"Asset":{"ContentRootIndex":1,"SubPath":"vltxs1u3vm-{0}-xtxxf3hu2r-xtxxf3hu2r.gz"},"Patterns":null}},"Asset":null,"Patterns":null},"lib":{"Children":{"bootstrap":{"Children":{"LICENSE":{"Children":null,"Asset":{"ContentRootIndex":3,"SubPath":"lib/bootstrap/LICENSE"},"Patterns":null},"dist":{"Children":{"css":{"Children":{"bootstrap-grid.css":{"Children":null,"Asset":{"ContentRootIndex":3,"SubPath":"lib/bootstrap/dist/css/bootstrap-grid.css"},"Patterns":null},"bootstrap-grid.css.gz":{"Children":null,"Asset":{"ContentRootIndex":1,"SubPath":"14ipv7q33s-{0}-bqjiyaj88i-bqjiyaj88i.gz"},"Patterns":null},"bootstrap-grid.css.map":{"Children":null,"Asset":{"ContentRootIndex":3,"SubPath":"lib/bootstrap/dist/css/bootstrap-grid.css.map"},"Patterns":null},"bootstrap-grid.css.map.gz":{"Children":null,"Asset":{"ContentRootIndex":1,"SubPath":"rh65p086id-{0}-c2jlpeoesf-c2jlpeoesf.gz"},"Patterns":null},"bootstrap-grid.min.css":{"Children":null,"Asset":{"ContentRootIndex":3,"SubPath":"lib/bootstrap/dist/css/bootstrap-grid.min.css"},"Patterns":null},"bootstrap-grid.min.css.gz":{"Children":null,"Asset":{"ContentRootIndex":1,"SubPath":"eb27mqwgz2-{0}-erw9l3u2r3-erw9l3u2r3.gz"},"Patterns":null},"bootstrap-grid.min.css.map":{"Children":null,"Asset":{"ContentRootIndex":3,"SubPath":"lib/bootstrap/dist/css/bootstrap-grid.min.css.map"},"Patterns":null},"bootstrap-grid.min.css.map.gz":{"Children":null,"Asset":{"ContentRootIndex":1,"SubPath":"9glsckmvxo-{0}-aexeepp0ev-aexeepp0ev.gz"},"Patterns":null},"bootstrap-grid.rtl.css":{"Children":null,"Asset":{"ContentRootIndex":3,"SubPath":"lib/bootstrap/dist/css/bootstrap-grid.rtl.css"},"Patterns":null},"bootstrap-grid.rtl.css.gz":{"Children":null,"Asset":{"ContentRootIndex":1,"SubPath":"hh8ihyobdx-{0}-d7shbmvgxk-d7shbmvgxk.gz"},"Patterns":null},"bootstrap-grid.rtl.css.map":{"Children":null,"Asset":{"ContentRootIndex":3,"SubPath":"lib/bootstrap/dist/css/bootstrap-grid.rtl.css.map"},"Patterns":null},"bootstrap-grid.rtl.css.map.gz":{"Children":null,"Asset":{"ContentRootIndex":1,"SubPath":"bww8ud00yd-{0}-ausgxo2sd3-ausgxo2sd3.gz"},"Patterns":null},"bootstrap-grid.rtl.min.css":{"Children":null,"Asset":{"ContentRootIndex":3,"SubPath":"lib/bootstrap/dist/css/bootstrap-grid.rtl.min.css"},"Patterns":null},"bootstrap-grid.rtl.min.css.gz":{"Children":null,"Asset":{"ContentRootIndex":1,"SubPath":"edcrak57d7-{0}-k8d9w2qqmf-k8d9w2qqmf.gz"},"Patterns":null},"bootstrap-grid.rtl.min.css.map":{"Children":null,"Asset":{"ContentRootIndex":3,"SubPath":"lib/bootstrap/dist/css/bootstrap-grid.rtl.min.css.map"},"Patterns":null},"bootstrap-grid.rtl.min.css.map.gz":{"Children":null,"Asset":{"ContentRootIndex":1,"SubPath":"sf8kf2lula-{0}-cosvhxvwiu-cosvhxvwiu.gz"},"Patterns":null},"bootstrap-reboot.css":{"Children":null,"Asset":{"ContentRootIndex":3,"SubPath":"lib/bootstrap/dist/css/bootstrap-reboot.css"},"Patterns":null},"bootstrap-reboot.css.gz":{"Children":null,"Asset":{"ContentRootIndex":1,"SubPath":"3tzsqhslk9-{0}-ub07r2b239-ub07r2b239.gz"},"Patterns":null},"bootstrap-reboot.css.map":{"Children":null,"Asset":{"ContentRootIndex":3,"SubPath":"lib/bootstrap/dist/css/bootstrap-reboot.css.map"},"Patterns":null},"bootstrap-reboot.css.map.gz":{"Children":null,"Asset":{"ContentRootIndex":1,"SubPath":"oxk5o6czdw-{0}-fvhpjtyr6v-fvhpjtyr6v.gz"},"Patterns":null},"bootstrap-reboot.min.css":{"Children":null,"Asset":{"ContentRootIndex":3,"SubPath":"lib/bootstrap/dist/css/bootstrap-reboot.min.css"},"Patterns":null},"bootstrap-reboot.min.css.gz":{"Children":null,"Asset":{"ContentRootIndex":1,"SubPath":"k8b25g0zwc-{0}-b7pk76d08c-b7pk76d08c.gz"},"Patterns":null},"bootstrap-reboot.min.css.map":{"Children":null,"Asset":{"ContentRootIndex":3,"SubPath":"lib/bootstrap/dist/css/bootstrap-reboot.min.css.map"},"Patterns":null},"bootstrap-reboot.min.css.map.gz":{"Children":null,"Asset":{"ContentRootIndex":1,"SubPath":"8axix7wldr-{0}-fsbi9cje9m-fsbi9cje9m.gz"},"Patterns":null},"bootstrap-reboot.rtl.css":{"Children":null,"Asset":{"ContentRootIndex":3,"SubPath":"lib/bootstrap/dist/css/bootstrap-reboot.rtl.css"},"Patterns":null},"bootstrap-reboot.rtl.css.gz":{"Children":null,"Asset":{"ContentRootIndex":1,"SubPath":"d5z9sfpxbi-{0}-rzd6atqjts-rzd6atqjts.gz"},"Patterns":null},"bootstrap-reboot.rtl.css.map":{"Children":null,"Asset":{"ContentRootIndex":3,"SubPath":"lib/bootstrap/dist/css/bootstrap-reboot.rtl.css.map"},"Patterns":null},"bootstrap-reboot.rtl.css.map.gz":{"Children":null,"Asset":{"ContentRootIndex":1,"SubPath":"u8428c4e9i-{0}-ee0r1s7dh0-ee0r1s7dh0.gz"},"Patterns":null},"bootstrap-reboot.rtl.min.css":{"Children":null,"Asset":{"ContentRootIndex":3,"SubPath":"lib/bootstrap/dist/css/bootstrap-reboot.rtl.min.css"},"Patterns":null},"bootstrap-reboot.rtl.min.css.gz":{"Children":null,"Asset":{"ContentRootIndex":1,"SubPath":"tg53r17ghy-{0}-dxx9fxp4il-dxx9fxp4il.gz"},"Patterns":null},"bootstrap-reboot.rtl.min.css.map":{"Children":null,"Asset":{"ContentRootIndex":3,"SubPath":"lib/bootstrap/dist/css/bootstrap-reboot.rtl.min.css.map"},"Patterns":null},"bootstrap-reboot.rtl.min.css.map.gz":{"Children":null,"Asset":{"ContentRootIndex":1,"SubPath":"nlrl0f3xs3-{0}-jd9uben2k1-jd9uben2k1.gz"},"Patterns":null},"bootstrap-utilities.css":{"Children":null,"Asset":{"ContentRootIndex":3,"SubPath":"lib/bootstrap/dist/css/bootstrap-utilities.css"},"Patterns":null},"bootstrap-utilities.css.gz":{"Children":null,"Asset":{"ContentRootIndex":1,"SubPath":"1fc4q00scq-{0}-khv3u5hwcm-khv3u5hwcm.gz"},"Patterns":null},"bootstrap-utilities.css.map":{"Children":null,"Asset":{"ContentRootIndex":3,"SubPath":"lib/bootstrap/dist/css/bootstrap-utilities.css.map"},"Patterns":null},"bootstrap-utilities.css.map.gz":{"Children":null,"Asset":{"ContentRootIndex":1,"SubPath":"8xykfy6qmd-{0}-r4e9w2rdcm-r4e9w2rdcm.gz"},"Patterns":null},"bootstrap-utilities.min.css":{"Children":null,"Asset":{"ContentRootIndex":3,"SubPath":"lib/bootstrap/dist/css/bootstrap-utilities.min.css"},"Patterns":null},"bootstrap-utilities.min.css.gz":{"Children":null,"Asset":{"ContentRootIndex":1,"SubPath":"vsrbd71spn-{0}-lcd1t2u6c8-lcd1t2u6c8.gz"},"Patterns":null},"bootstrap-utilities.min.css.map":{"Children":null,"Asset":{"ContentRootIndex":3,"SubPath":"lib/bootstrap/dist/css/bootstrap-utilities.min.css.map"},"Patterns":null},"bootstrap-utilities.min.css.map.gz":{"Children":null,"Asset":{"ContentRootIndex":1,"SubPath":"cynp17w084-{0}-c2oey78nd0-c2oey78nd0.gz"},"Patterns":null},"bootstrap-utilities.rtl.css":{"Children":null,"Asset":{"ContentRootIndex":3,"SubPath":"lib/bootstrap/dist/css/bootstrap-utilities.rtl.css"},"Patterns":null},"bootstrap-utilities.rtl.css.gz":{"Children":null,"Asset":{"ContentRootIndex":1,"SubPath":"7o8oyvng68-{0}-tdbxkamptv-tdbxkamptv.gz"},"Patterns":null},"bootstrap-utilities.rtl.css.map":{"Children":null,"Asset":{"ContentRootIndex":3,"SubPath":"lib/bootstrap/dist/css/bootstrap-utilities.rtl.css.map"},"Patterns":null},"bootstrap-utilities.rtl.css.map.gz":{"Children":null,"Asset":{"ContentRootIndex":1,"SubPath":"h9vwtoirpy-{0}-j5mq2jizvt-j5mq2jizvt.gz"},"Patterns":null},"bootstrap-utilities.rtl.min.css":{"Children":null,"Asset":{"ContentRootIndex":3,"SubPath":"lib/bootstrap/dist/css/bootstrap-utilities.rtl.min.css"},"Patterns":null},"bootstrap-utilities.rtl.min.css.gz":{"Children":null,"Asset":{"ContentRootIndex":1,"SubPath":"o5k23vqhrk-{0}-06098lyss8-06098lyss8.gz"},"Patterns":null},"bootstrap-utilities.rtl.min.css.map":{"Children":null,"Asset":{"ContentRootIndex":3,"SubPath":"lib/bootstrap/dist/css/bootstrap-utilities.rtl.min.css.map"},"Patterns":null},"bootstrap-utilities.rtl.min.css.map.gz":{"Children":null,"Asset":{"ContentRootIndex":1,"SubPath":"iznc766avz-{0}-nvvlpmu67g-nvvlpmu67g.gz"},"Patterns":null},"bootstrap.css":{"Children":null,"Asset":{"ContentRootIndex":3,"SubPath":"lib/bootstrap/dist/css/bootstrap.css"},"Patterns":null},"bootstrap.css.gz":{"Children":null,"Asset":{"ContentRootIndex":1,"SubPath":"ns4583i71s-{0}-s35ty4nyc5-s35ty4nyc5.gz"},"Patterns":null},"bootstrap.css.map":{"Children":null,"Asset":{"ContentRootIndex":3,"SubPath":"lib/bootstrap/dist/css/bootstrap.css.map"},"Patterns":null},"bootstrap.css.map.gz":{"Children":null,"Asset":{"ContentRootIndex":1,"SubPath":"47012z8l2l-{0}-pj5nd1wqec-pj5nd1wqec.gz"},"Patterns":null},"bootstrap.min.css":{"Children":null,"Asset":{"ContentRootIndex":3,"SubPath":"lib/bootstrap/dist/css/bootstrap.min.css"},"Patterns":null},"bootstrap.min.css.gz":{"Children":null,"Asset":{"ContentRootIndex":1,"SubPath":"4vzefxwp2m-{0}-46ein0sx1k-46ein0sx1k.gz"},"Patterns":null},"bootstrap.min.css.map":{"Children":null,"Asset":{"ContentRootIndex":3,"SubPath":"lib/bootstrap/dist/css/bootstrap.min.css.map"},"Patterns":null},"bootstrap.min.css.map.gz":{"Children":null,"Asset":{"ContentRootIndex":1,"SubPath":"bh4v3mdph9-{0}-v0zj4ognzu-v0zj4ognzu.gz"},"Patterns":null},"bootstrap.rtl.css":{"Children":null,"Asset":{"ContentRootIndex":3,"SubPath":"lib/bootstrap/dist/css/bootstrap.rtl.css"},"Patterns":null},"bootstrap.rtl.css.gz":{"Children":null,"Asset":{"ContentRootIndex":1,"SubPath":"l186vlgaag-{0}-37tfw0ft22-37tfw0ft22.gz"},"Patterns":null},"bootstrap.rtl.css.map":{"Children":null,"Asset":{"ContentRootIndex":3,"SubPath":"lib/bootstrap/dist/css/bootstrap.rtl.css.map"},"Patterns":null},"bootstrap.rtl.css.map.gz":{"Children":null,"Asset":{"ContentRootIndex":1,"SubPath":"rsc7qacj1u-{0}-hrwsygsryq-hrwsygsryq.gz"},"Patterns":null},"bootstrap.rtl.min.css":{"Children":null,"Asset":{"ContentRootIndex":3,"SubPath":"lib/bootstrap/dist/css/bootstrap.rtl.min.css"},"Patterns":null},"bootstrap.rtl.min.css.gz":{"Children":null,"Asset":{"ContentRootIndex":1,"SubPath":"z408qb6q7a-{0}-pk9g2wxc8p-pk9g2wxc8p.gz"},"Patterns":null},"bootstrap.rtl.min.css.map":{"Children":null,"Asset":{"ContentRootIndex":3,"SubPath":"lib/bootstrap/dist/css/bootstrap.rtl.min.css.map"},"Patterns":null},"bootstrap.rtl.min.css.map.gz":{"Children":null,"Asset":{"ContentRootIndex":1,"SubPath":"qfr28sqcy1-{0}-ft3s53vfgj-ft3s53vfgj.gz"},"Patterns":null}},"Asset":null,"Patterns":null},"js":{"Children":{"bootstrap.bundle.js":{"Children":null,"Asset":{"ContentRootIndex":3,"SubPath":"lib/bootstrap/dist/js/bootstrap.bundle.js"},"Patterns":null},"bootstrap.bundle.js.gz":{"Children":null,"Asset":{"ContentRootIndex":1,"SubPath":"0k1i85ntyh-{0}-6cfz1n2cew-6cfz1n2cew.gz"},"Patterns":null},"bootstrap.bundle.js.map":{"Children":null,"Asset":{"ContentRootIndex":3,"SubPath":"lib/bootstrap/dist/js/bootstrap.bundle.js.map"},"Patterns":null},"bootstrap.bundle.js.map.gz":{"Children":null,"Asset":{"ContentRootIndex":1,"SubPath":"xa379ftczi-{0}-6pdc2jztkx-6pdc2jztkx.gz"},"Patterns":null},"bootstrap.bundle.min.js":{"Children":null,"Asset":{"ContentRootIndex":3,"SubPath":"lib/bootstrap/dist/js/bootstrap.bundle.min.js"},"Patterns":null},"bootstrap.bundle.min.js.gz":{"Children":null,"Asset":{"ContentRootIndex":1,"SubPath":"lr5hmrr0j7-{0}-493y06b0oq-493y06b0oq.gz"},"Patterns":null},"bootstrap.bundle.min.js.map":{"Children":null,"Asset":{"ContentRootIndex":3,"SubPath":"lib/bootstrap/dist/js/bootstrap.bundle.min.js.map"},"Patterns":null},"bootstrap.bundle.min.js.map.gz":{"Children":null,"Asset":{"ContentRootIndex":1,"SubPath":"ivy2s9gwh5-{0}-iovd86k7lj-iovd86k7lj.gz"},"Patterns":null},"bootstrap.esm.js":{"Children":null,"Asset":{"ContentRootIndex":3,"SubPath":"lib/bootstrap/dist/js/bootstrap.esm.js"},"Patterns":null},"bootstrap.esm.js.gz":{"Children":null,"Asset":{"ContentRootIndex":1,"SubPath":"higufxz8op-{0}-vr1egmr9el-vr1egmr9el.gz"},"Patterns":null},"bootstrap.esm.js.map":{"Children":null,"Asset":{"ContentRootIndex":3,"SubPath":"lib/bootstrap/dist/js/bootstrap.esm.js.map"},"Patterns":null},"bootstrap.esm.js.map.gz":{"Children":null,"Asset":{"ContentRootIndex":1,"SubPath":"s3tglgz8hr-{0}-kbrnm935zg-kbrnm935zg.gz"},"Patterns":null},"bootstrap.esm.min.js":{"Children":null,"Asset":{"ContentRootIndex":3,"SubPath":"lib/bootstrap/dist/js/bootstrap.esm.min.js"},"Patterns":null},"bootstrap.esm.min.js.gz":{"Children":null,"Asset":{"ContentRootIndex":1,"SubPath":"vw9sls9bhj-{0}-jj8uyg4cgr-jj8uyg4cgr.gz"},"Patterns":null},"bootstrap.esm.min.js.map":{"Children":null,"Asset":{"ContentRootIndex":3,"SubPath":"lib/bootstrap/dist/js/bootstrap.esm.min.js.map"},"Patterns":null},"bootstrap.esm.min.js.map.gz":{"Children":null,"Asset":{"ContentRootIndex":1,"SubPath":"ym8tkpcl2i-{0}-y7v9cxd14o-y7v9cxd14o.gz"},"Patterns":null},"bootstrap.js":{"Children":null,"Asset":{"ContentRootIndex":3,"SubPath":"lib/bootstrap/dist/js/bootstrap.js"},"Patterns":null},"bootstrap.js.gz":{"Children":null,"Asset":{"ContentRootIndex":1,"SubPath":"zzna4nrm5w-{0}-notf2xhcfb-notf2xhcfb.gz"},"Patterns":null},"bootstrap.js.map":{"Children":null,"Asset":{"ContentRootIndex":3,"SubPath":"lib/bootstrap/dist/js/bootstrap.js.map"},"Patterns":null},"bootstrap.js.map.gz":{"Children":null,"Asset":{"ContentRootIndex":1,"SubPath":"igscs4x0yk-{0}-h1s4sie4z3-h1s4sie4z3.gz"},"Patterns":null},"bootstrap.min.js":{"Children":null,"Asset":{"ContentRootIndex":3,"SubPath":"lib/bootstrap/dist/js/bootstrap.min.js"},"Patterns":null},"bootstrap.min.js.gz":{"Children":null,"Asset":{"ContentRootIndex":1,"SubPath":"zap00c0tb5-{0}-63fj8s7r0e-63fj8s7r0e.gz"},"Patterns":null},"bootstrap.min.js.map":{"Children":null,"Asset":{"ContentRootIndex":3,"SubPath":"lib/bootstrap/dist/js/bootstrap.min.js.map"},"Patterns":null},"bootstrap.min.js.map.gz":{"Children":null,"Asset":{"ContentRootIndex":1,"SubPath":"pogzkicjpz-{0}-0j3bgjxly4-0j3bgjxly4.gz"},"Patterns":null}},"Asset":null,"Patterns":null}},"Asset":null,"Patterns":null}},"Asset":null,"Patterns":null},"jquery":{"Children":{"LICENSE.txt":{"Children":null,"Asset":{"ContentRootIndex":3,"SubPath":"lib/jquery/LICENSE.txt"},"Patterns":null},"LICENSE.txt.gz":{"Children":null,"Asset":{"ContentRootIndex":1,"SubPath":"yfc7ypekbg-{0}-mlv21k5csn-mlv21k5csn.gz"},"Patterns":null},"dist":{"Children":{"jquery.js":{"Children":null,"Asset":{"ContentRootIndex":3,"SubPath":"lib/jquery/dist/jquery.js"},"Patterns":null},"jquery.js.gz":{"Children":null,"Asset":{"ContentRootIndex":1,"SubPath":"tpsq5dibur-{0}-0i3buxo5is-0i3buxo5is.gz"},"Patterns":null},"jquery.min.js":{"Children":null,"Asset":{"ContentRootIndex":3,"SubPath":"lib/jquery/dist/jquery.min.js"},"Patterns":null},"jquery.min.js.gz":{"Children":null,"Asset":{"ContentRootIndex":1,"SubPath":"t0qo7o574p-{0}-o1o13a6vjx-o1o13a6vjx.gz"},"Patterns":null},"jquery.min.map":{"Children":null,"Asset":{"ContentRootIndex":3,"SubPath":"lib/jquery/dist/jquery.min.map"},"Patterns":null},"jquery.min.map.gz":{"Children":null,"Asset":{"ContentRootIndex":1,"SubPath":"b9lhb08218-{0}-ttgo8qnofa-ttgo8qnofa.gz"},"Patterns":null},"jquery.slim.js":{"Children":null,"Asset":{"ContentRootIndex":3,"SubPath":"lib/jquery/dist/jquery.slim.js"},"Patterns":null},"jquery.slim.js.gz":{"Children":null,"Asset":{"ContentRootIndex":1,"SubPath":"a3ygkwa5zy-{0}-2z0ns9nrw6-2z0ns9nrw6.gz"},"Patterns":null},"jquery.slim.min.js":{"Children":null,"Asset":{"ContentRootIndex":3,"SubPath":"lib/jquery/dist/jquery.slim.min.js"},"Patterns":null},"jquery.slim.min.js.gz":{"Children":null,"Asset":{"ContentRootIndex":1,"SubPath":"nezrqnk58p-{0}-muycvpuwrr-muycvpuwrr.gz"},"Patterns":null},"jquery.slim.min.map":{"Children":null,"Asset":{"ContentRootIndex":3,"SubPath":"lib/jquery/dist/jquery.slim.min.map"},"Patterns":null},"jquery.slim.min.map.gz":{"Children":null,"Asset":{"ContentRootIndex":1,"SubPath":"v0zgfp0y55-{0}-87fc7y1x7t-87fc7y1x7t.gz"},"Patterns":null}},"Asset":null,"Patterns":null}},"Asset":null,"Patterns":null},"jquery-validation":{"Children":{"LICENSE.md":{"Children":null,"Asset":{"ContentRootIndex":3,"SubPath":"lib/jquery-validation/LICENSE.md"},"Patterns":null},"LICENSE.md.gz":{"Children":null,"Asset":{"ContentRootIndex":1,"SubPath":"9muusbdg0a-{0}-x0q3zqp4vz-x0q3zqp4vz.gz"},"Patterns":null},"dist":{"Children":{"additional-methods.js":{"Children":null,"Asset":{"ContentRootIndex":3,"SubPath":"lib/jquery-validation/dist/additional-methods.js"},"Patterns":null},"additional-methods.js.gz":{"Children":null,"Asset":{"ContentRootIndex":1,"SubPath":"ypthv7q62w-{0}-83jwlth58m-83jwlth58m.gz"},"Patterns":null},"additional-methods.min.js":{"Children":null,"Asset":{"ContentRootIndex":3,"SubPath":"lib/jquery-validation/dist/additional-methods.min.js"},"Patterns":null},"additional-methods.min.js.gz":{"Children":null,"Asset":{"ContentRootIndex":1,"SubPath":"t6e3b82hrf-{0}-mrlpezrjn3-mrlpezrjn3.gz"},"Patterns":null},"jquery.validate.js":{"Children":null,"Asset":{"ContentRootIndex":3,"SubPath":"lib/jquery-validation/dist/jquery.validate.js"},"Patterns":null},"jquery.validate.js.gz":{"Children":null,"Asset":{"ContentRootIndex":1,"SubPath":"uocis9wxbx-{0}-lzl9nlhx6b-lzl9nlhx6b.gz"},"Patterns":null},"jquery.validate.min.js":{"Children":null,"Asset":{"ContentRootIndex":3,"SubPath":"lib/jquery-validation/dist/jquery.validate.min.js"},"Patterns":null},"jquery.validate.min.js.gz":{"Children":null,"Asset":{"ContentRootIndex":1,"SubPath":"2tikzqlmtu-{0}-ag7o75518u-ag7o75518u.gz"},"Patterns":null}},"Asset":null,"Patterns":null}},"Asset":null,"Patterns":null},"jquery-validation-unobtrusive":{"Children":{"LICENSE.txt":{"Children":null,"Asset":{"ContentRootIndex":3,"SubPath":"lib/jquery-validation-unobtrusive/LICENSE.txt"},"Patterns":null},"LICENSE.txt.gz":{"Children":null,"Asset":{"ContentRootIndex":1,"SubPath":"ldxy2n3w6q-{0}-356vix0kms-356vix0kms.gz"},"Patterns":null},"dist":{"Children":{"jquery.validate.unobtrusive.js":{"Children":null,"Asset":{"ContentRootIndex":3,"SubPath":"lib/jquery-validation-unobtrusive/dist/jquery.validate.unobtrusive.js"},"Patterns":null},"jquery.validate.unobtrusive.js.gz":{"Children":null,"Asset":{"ContentRootIndex":1,"SubPath":"j3hwsq15kh-{0}-47otxtyo56-47otxtyo56.gz"},"Patterns":null},"jquery.validate.unobtrusive.min.js":{"Children":null,"Asset":{"ContentRootIndex":3,"SubPath":"lib/jquery-validation-unobtrusive/dist/jquery.validate.unobtrusive.min.js"},"Patterns":null},"jquery.validate.unobtrusive.min.js.gz":{"Children":null,"Asset":{"ContentRootIndex":1,"SubPath":"q3naettu8c-{0}-4v8eqarkd7-4v8eqarkd7.gz"},"Patterns":null}},"Asset":null,"Patterns":null}},"Asset":null,"Patterns":null}},"Asset":null,"Patterns":null}},"Asset":null,"Patterns":null},"js":{"Children":{"site.js":{"Children":null,"Asset":{"ContentRootIndex":2,"SubPath":"js/site.js"},"Patterns":null},"site.js.gz":{"Children":null,"Asset":{"ContentRootIndex":1,"SubPath":"4je93k8f1b-{0}-xtxxf3hu2r-xtxxf3hu2r.gz"},"Patterns":null}},"Asset":null,"Patterns":null},"lib":{"Children":{"bootstrap":{"Children":{"LICENSE":{"Children":null,"Asset":{"ContentRootIndex":2,"SubPath":"lib/bootstrap/LICENSE"},"Patterns":null},"dist":{"Children":{"css":{"Children":{"bootstrap-grid.css":{"Children":null,"Asset":{"ContentRootIndex":2,"SubPath":"lib/bootstrap/dist/css/bootstrap-grid.css"},"Patterns":null},"bootstrap-grid.css.gz":{"Children":null,"Asset":{"ContentRootIndex":1,"SubPath":"w23ukr6ov2-{0}-bqjiyaj88i-bqjiyaj88i.gz"},"Patterns":null},"bootstrap-grid.css.map":{"Children":null,"Asset":{"ContentRootIndex":2,"SubPath":"lib/bootstrap/dist/css/bootstrap-grid.css.map"},"Patterns":null},"bootstrap-grid.css.map.gz":{"Children":null,"Asset":{"ContentRootIndex":1,"SubPath":"0cpxo84dbw-{0}-c2jlpeoesf-c2jlpeoesf.gz"},"Patterns":null},"bootstrap-grid.min.css":{"Children":null,"Asset":{"ContentRootIndex":2,"SubPath":"lib/bootstrap/dist/css/bootstrap-grid.min.css"},"Patterns":null},"bootstrap-grid.min.css.gz":{"Children":null,"Asset":{"ContentRootIndex":1,"SubPath":"723sd1yjvg-{0}-erw9l3u2r3-erw9l3u2r3.gz"},"Patterns":null},"bootstrap-grid.min.css.map":{"Children":null,"Asset":{"ContentRootIndex":2,"SubPath":"lib/bootstrap/dist/css/bootstrap-grid.min.css.map"},"Patterns":null},"bootstrap-grid.min.css.map.gz":{"Children":null,"Asset":{"ContentRootIndex":1,"SubPath":"naod03gczk-{0}-aexeepp0ev-aexeepp0ev.gz"},"Patterns":null},"bootstrap-grid.rtl.css":{"Children":null,"Asset":{"ContentRootIndex":2,"SubPath":"lib/bootstrap/dist/css/bootstrap-grid.rtl.css"},"Patterns":null},"bootstrap-grid.rtl.css.gz":{"Children":null,"Asset":{"ContentRootIndex":1,"SubPath":"wx4mp9fxlu-{0}-d7shbmvgxk-d7shbmvgxk.gz"},"Patterns":null},"bootstrap-grid.rtl.css.map":{"Children":null,"Asset":{"ContentRootIndex":2,"SubPath":"lib/bootstrap/dist/css/bootstrap-grid.rtl.css.map"},"Patterns":null},"bootstrap-grid.rtl.css.map.gz":{"Children":null,"Asset":{"ContentRootIndex":1,"SubPath":"w13amz665w-{0}-ausgxo2sd3-ausgxo2sd3.gz"},"Patterns":null},"bootstrap-grid.rtl.min.css":{"Children":null,"Asset":{"ContentRootIndex":2,"SubPath":"lib/bootstrap/dist/css/bootstrap-grid.rtl.min.css"},"Patterns":null},"bootstrap-grid.rtl.min.css.gz":{"Children":null,"Asset":{"ContentRootIndex":1,"SubPath":"m64g613l6t-{0}-k8d9w2qqmf-k8d9w2qqmf.gz"},"Patterns":null},"bootstrap-grid.rtl.min.css.map":{"Children":null,"Asset":{"ContentRootIndex":2,"SubPath":"lib/bootstrap/dist/css/bootstrap-grid.rtl.min.css.map"},"Patterns":null},"bootstrap-grid.rtl.min.css.map.gz":{"Children":null,"Asset":{"ContentRootIndex":1,"SubPath":"eol56r1nou-{0}-cosvhxvwiu-cosvhxvwiu.gz"},"Patterns":null},"bootstrap-reboot.css":{"Children":null,"Asset":{"ContentRootIndex":2,"SubPath":"lib/bootstrap/dist/css/bootstrap-reboot.css"},"Patterns":null},"bootstrap-reboot.css.gz":{"Children":null,"Asset":{"ContentRootIndex":1,"SubPath":"zgfjlwytsr-{0}-ub07r2b239-ub07r2b239.gz"},"Patterns":null},"bootstrap-reboot.css.map":{"Children":null,"Asset":{"ContentRootIndex":2,"SubPath":"lib/bootstrap/dist/css/bootstrap-reboot.css.map"},"Patterns":null},"bootstrap-reboot.css.map.gz":{"Children":null,"Asset":{"ContentRootIndex":1,"SubPath":"bwsqlazwvk-{0}-fvhpjtyr6v-fvhpjtyr6v.gz"},"Patterns":null},"bootstrap-reboot.min.css":{"Children":null,"Asset":{"ContentRootIndex":2,"SubPath":"lib/bootstrap/dist/css/bootstrap-reboot.min.css"},"Patterns":null},"bootstrap-reboot.min.css.gz":{"Children":null,"Asset":{"ContentRootIndex":1,"SubPath":"uo8c3t6tl0-{0}-b7pk76d08c-b7pk76d08c.gz"},"Patterns":null},"bootstrap-reboot.min.css.map":{"Children":null,"Asset":{"ContentRootIndex":2,"SubPath":"lib/bootstrap/dist/css/bootstrap-reboot.min.css.map"},"Patterns":null},"bootstrap-reboot.min.css.map.gz":{"Children":null,"Asset":{"ContentRootIndex":1,"SubPath":"sbncmlx8zb-{0}-fsbi9cje9m-fsbi9cje9m.gz"},"Patterns":null},"bootstrap-reboot.rtl.css":{"Children":null,"Asset":{"ContentRootIndex":2,"SubPath":"lib/bootstrap/dist/css/bootstrap-reboot.rtl.css"},"Patterns":null},"bootstrap-reboot.rtl.css.gz":{"Children":null,"Asset":{"ContentRootIndex":1,"SubPath":"tc6y2cyc9g-{0}-rzd6atqjts-rzd6atqjts.gz"},"Patterns":null},"bootstrap-reboot.rtl.css.map":{"Children":null,"Asset":{"ContentRootIndex":2,"SubPath":"lib/bootstrap/dist/css/bootstrap-reboot.rtl.css.map"},"Patterns":null},"bootstrap-reboot.rtl.css.map.gz":{"Children":null,"Asset":{"ContentRootIndex":1,"SubPath":"5sr4g8a87i-{0}-ee0r1s7dh0-ee0r1s7dh0.gz"},"Patterns":null},"bootstrap-reboot.rtl.min.css":{"Children":null,"Asset":{"ContentRootIndex":2,"SubPath":"lib/bootstrap/dist/css/bootstrap-reboot.rtl.min.css"},"Patterns":null},"bootstrap-reboot.rtl.min.css.gz":{"Children":null,"Asset":{"ContentRootIndex":1,"SubPath":"u2jro9c3a8-{0}-dxx9fxp4il-dxx9fxp4il.gz"},"Patterns":null},"bootstrap-reboot.rtl.min.css.map":{"Children":null,"Asset":{"ContentRootIndex":2,"SubPath":"lib/bootstrap/dist/css/bootstrap-reboot.rtl.min.css.map"},"Patterns":null},"bootstrap-reboot.rtl.min.css.map.gz":{"Children":null,"Asset":{"ContentRootIndex":1,"SubPath":"9vi1ijftgo-{0}-jd9uben2k1-jd9uben2k1.gz"},"Patterns":null},"bootstrap-utilities.css":{"Children":null,"Asset":{"ContentRootIndex":2,"SubPath":"lib/bootstrap/dist/css/bootstrap-utilities.css"},"Patterns":null},"bootstrap-utilities.css.gz":{"Children":null,"Asset":{"ContentRootIndex":1,"SubPath":"0h4115hx54-{0}-khv3u5hwcm-khv3u5hwcm.gz"},"Patterns":null},"bootstrap-utilities.css.map":{"Children":null,"Asset":{"ContentRootIndex":2,"SubPath":"lib/bootstrap/dist/css/bootstrap-utilities.css.map"},"Patterns":null},"bootstrap-utilities.css.map.gz":{"Children":null,"Asset":{"ContentRootIndex":1,"SubPath":"kf3var7ufk-{0}-r4e9w2rdcm-r4e9w2rdcm.gz"},"Patterns":null},"bootstrap-utilities.min.css":{"Children":null,"Asset":{"ContentRootIndex":2,"SubPath":"lib/bootstrap/dist/css/bootstrap-utilities.min.css"},"Patterns":null},"bootstrap-utilities.min.css.gz":{"Children":null,"Asset":{"ContentRootIndex":1,"SubPath":"1m7dphjcze-{0}-lcd1t2u6c8-lcd1t2u6c8.gz"},"Patterns":null},"bootstrap-utilities.min.css.map":{"Children":null,"Asset":{"ContentRootIndex":2,"SubPath":"lib/bootstrap/dist/css/bootstrap-utilities.min.css.map"},"Patterns":null},"bootstrap-utilities.min.css.map.gz":{"Children":null,"Asset":{"ContentRootIndex":1,"SubPath":"vfxjn0ql4l-{0}-c2oey78nd0-c2oey78nd0.gz"},"Patterns":null},"bootstrap-utilities.rtl.css":{"Children":null,"Asset":{"ContentRootIndex":2,"SubPath":"lib/bootstrap/dist/css/bootstrap-utilities.rtl.css"},"Patterns":null},"bootstrap-utilities.rtl.css.gz":{"Children":null,"Asset":{"ContentRootIndex":1,"SubPath":"mpk8od3049-{0}-tdbxkamptv-tdbxkamptv.gz"},"Patterns":null},"bootstrap-utilities.rtl.css.map":{"Children":null,"Asset":{"ContentRootIndex":2,"SubPath":"lib/bootstrap/dist/css/bootstrap-utilities.rtl.css.map"},"Patterns":null},"bootstrap-utilities.rtl.css.map.gz":{"Children":null,"Asset":{"ContentRootIndex":1,"SubPath":"ojryhy5ev2-{0}-j5mq2jizvt-j5mq2jizvt.gz"},"Patterns":null},"bootstrap-utilities.rtl.min.css":{"Children":null,"Asset":{"ContentRootIndex":2,"SubPath":"lib/bootstrap/dist/css/bootstrap-utilities.rtl.min.css"},"Patterns":null},"bootstrap-utilities.rtl.min.css.gz":{"Children":null,"Asset":{"ContentRootIndex":1,"SubPath":"wa1qxq4oab-{0}-06098lyss8-06098lyss8.gz"},"Patterns":null},"bootstrap-utilities.rtl.min.css.map":{"Children":null,"Asset":{"ContentRootIndex":2,"SubPath":"lib/bootstrap/dist/css/bootstrap-utilities.rtl.min.css.map"},"Patterns":null},"bootstrap-utilities.rtl.min.css.map.gz":{"Children":null,"Asset":{"ContentRootIndex":1,"SubPath":"l2b3qv0ohg-{0}-nvvlpmu67g-nvvlpmu67g.gz"},"Patterns":null},"bootstrap.css":{"Children":null,"Asset":{"ContentRootIndex":2,"SubPath":"lib/bootstrap/dist/css/bootstrap.css"},"Patterns":null},"bootstrap.css.gz":{"Children":null,"Asset":{"ContentRootIndex":1,"SubPath":"ek6gzkbsg8-{0}-s35ty4nyc5-s35ty4nyc5.gz"},"Patterns":null},"bootstrap.css.map":{"Children":null,"Asset":{"ContentRootIndex":2,"SubPath":"lib/bootstrap/dist/css/bootstrap.css.map"},"Patterns":null},"bootstrap.css.map.gz":{"Children":null,"Asset":{"ContentRootIndex":1,"SubPath":"d7p04tzsdt-{0}-pj5nd1wqec-pj5nd1wqec.gz"},"Patterns":null},"bootstrap.min.css":{"Children":null,"Asset":{"ContentRootIndex":2,"SubPath":"lib/bootstrap/dist/css/bootstrap.min.css"},"Patterns":null},"bootstrap.min.css.gz":{"Children":null,"Asset":{"ContentRootIndex":1,"SubPath":"5mnhv9h00r-{0}-46ein0sx1k-46ein0sx1k.gz"},"Patterns":null},"bootstrap.min.css.map":{"Children":null,"Asset":{"ContentRootIndex":2,"SubPath":"lib/bootstrap/dist/css/bootstrap.min.css.map"},"Patterns":null},"bootstrap.min.css.map.gz":{"Children":null,"Asset":{"ContentRootIndex":1,"SubPath":"tk4spega9f-{0}-v0zj4ognzu-v0zj4ognzu.gz"},"Patterns":null},"bootstrap.rtl.css":{"Children":null,"Asset":{"ContentRootIndex":2,"SubPath":"lib/bootstrap/dist/css/bootstrap.rtl.css"},"Patterns":null},"bootstrap.rtl.css.gz":{"Children":null,"Asset":{"ContentRootIndex":1,"SubPath":"benvghy0fc-{0}-37tfw0ft22-37tfw0ft22.gz"},"Patterns":null},"bootstrap.rtl.css.map":{"Children":null,"Asset":{"ContentRootIndex":2,"SubPath":"lib/bootstrap/dist/css/bootstrap.rtl.css.map"},"Patterns":null},"bootstrap.rtl.css.map.gz":{"Children":null,"Asset":{"ContentRootIndex":1,"SubPath":"uh7rdygs77-{0}-hrwsygsryq-hrwsygsryq.gz"},"Patterns":null},"bootstrap.rtl.min.css":{"Children":null,"Asset":{"ContentRootIndex":2,"SubPath":"lib/bootstrap/dist/css/bootstrap.rtl.min.css"},"Patterns":null},"bootstrap.rtl.min.css.gz":{"Children":null,"Asset":{"ContentRootIndex":1,"SubPath":"5vszksm2ea-{0}-pk9g2wxc8p-pk9g2wxc8p.gz"},"Patterns":null},"bootstrap.rtl.min.css.map":{"Children":null,"Asset":{"ContentRootIndex":2,"SubPath":"lib/bootstrap/dist/css/bootstrap.rtl.min.css.map"},"Patterns":null},"bootstrap.rtl.min.css.map.gz":{"Children":null,"Asset":{"ContentRootIndex":1,"SubPath":"3wm9elg2yu-{0}-ft3s53vfgj-ft3s53vfgj.gz"},"Patterns":null}},"Asset":null,"Patterns":null},"js":{"Children":{"bootstrap.bundle.js":{"Children":null,"Asset":{"ContentRootIndex":2,"SubPath":"lib/bootstrap/dist/js/bootstrap.bundle.js"},"Patterns":null},"bootstrap.bundle.js.gz":{"Children":null,"Asset":{"ContentRootIndex":1,"SubPath":"fwqvzyzc8n-{0}-6cfz1n2cew-6cfz1n2cew.gz"},"Patterns":null},"bootstrap.bundle.js.map":{"Children":null,"Asset":{"ContentRootIndex":2,"SubPath":"lib/bootstrap/dist/js/bootstrap.bundle.js.map"},"Patterns":null},"bootstrap.bundle.js.map.gz":{"Children":null,"Asset":{"ContentRootIndex":1,"SubPath":"le3g1xdan2-{0}-6pdc2jztkx-6pdc2jztkx.gz"},"Patterns":null},"bootstrap.bundle.min.js":{"Children":null,"Asset":{"ContentRootIndex":2,"SubPath":"lib/bootstrap/dist/js/bootstrap.bundle.min.js"},"Patterns":null},"bootstrap.bundle.min.js.gz":{"Children":null,"Asset":{"ContentRootIndex":1,"SubPath":"hkgs73sn4r-{0}-493y06b0oq-493y06b0oq.gz"},"Patterns":null},"bootstrap.bundle.min.js.map":{"Children":null,"Asset":{"ContentRootIndex":2,"SubPath":"lib/bootstrap/dist/js/bootstrap.bundle.min.js.map"},"Patterns":null},"bootstrap.bundle.min.js.map.gz":{"Children":null,"Asset":{"ContentRootIndex":1,"SubPath":"m79g0ckscr-{0}-iovd86k7lj-iovd86k7lj.gz"},"Patterns":null},"bootstrap.esm.js":{"Children":null,"Asset":{"ContentRootIndex":2,"SubPath":"lib/bootstrap/dist/js/bootstrap.esm.js"},"Patterns":null},"bootstrap.esm.js.gz":{"Children":null,"Asset":{"ContentRootIndex":1,"SubPath":"je4s42p5mi-{0}-vr1egmr9el-vr1egmr9el.gz"},"Patterns":null},"bootstrap.esm.js.map":{"Children":null,"Asset":{"ContentRootIndex":2,"SubPath":"lib/bootstrap/dist/js/bootstrap.esm.js.map"},"Patterns":null},"bootstrap.esm.js.map.gz":{"Children":null,"Asset":{"ContentRootIndex":1,"SubPath":"0cgwtzdavn-{0}-kbrnm935zg-kbrnm935zg.gz"},"Patterns":null},"bootstrap.esm.min.js":{"Children":null,"Asset":{"ContentRootIndex":2,"SubPath":"lib/bootstrap/dist/js/bootstrap.esm.min.js"},"Patterns":null},"bootstrap.esm.min.js.gz":{"Children":null,"Asset":{"ContentRootIndex":1,"SubPath":"f4q4lxv9io-{0}-jj8uyg4cgr-jj8uyg4cgr.gz"},"Patterns":null},"bootstrap.esm.min.js.map":{"Children":null,"Asset":{"ContentRootIndex":2,"SubPath":"lib/bootstrap/dist/js/bootstrap.esm.min.js.map"},"Patterns":null},"bootstrap.esm.min.js.map.gz":{"Children":null,"Asset":{"ContentRootIndex":1,"SubPath":"l2jttk9km5-{0}-y7v9cxd14o-y7v9cxd14o.gz"},"Patterns":null},"bootstrap.js":{"Children":null,"Asset":{"ContentRootIndex":2,"SubPath":"lib/bootstrap/dist/js/bootstrap.js"},"Patterns":null},"bootstrap.js.gz":{"Children":null,"Asset":{"ContentRootIndex":1,"SubPath":"1zwjj7ryk3-{0}-notf2xhcfb-notf2xhcfb.gz"},"Patterns":null},"bootstrap.js.map":{"Children":null,"Asset":{"ContentRootIndex":2,"SubPath":"lib/bootstrap/dist/js/bootstrap.js.map"},"Patterns":null},"bootstrap.js.map.gz":{"Children":null,"Asset":{"ContentRootIndex":1,"SubPath":"f1mxgjvw15-{0}-h1s4sie4z3-h1s4sie4z3.gz"},"Patterns":null},"bootstrap.min.js":{"Children":null,"Asset":{"ContentRootIndex":2,"SubPath":"lib/bootstrap/dist/js/bootstrap.min.js"},"Patterns":null},"bootstrap.min.js.gz":{"Children":null,"Asset":{"ContentRootIndex":1,"SubPath":"fxt76ac682-{0}-63fj8s7r0e-63fj8s7r0e.gz"},"Patterns":null},"bootstrap.min.js.map":{"Children":null,"Asset":{"ContentRootIndex":2,"SubPath":"lib/bootstrap/dist/js/bootstrap.min.js.map"},"Patterns":null},"bootstrap.min.js.map.gz":{"Children":null,"Asset":{"ContentRootIndex":1,"SubPath":"0pjnv75h26-{0}-0j3bgjxly4-0j3bgjxly4.gz"},"Patterns":null}},"Asset":null,"Patterns":null}},"Asset":null,"Patterns":null}},"Asset":null,"Patterns":null},"jquery":{"Children":{"LICENSE.txt":{"Children":null,"Asset":{"ContentRootIndex":2,"SubPath":"lib/jquery/LICENSE.txt"},"Patterns":null},"LICENSE.txt.gz":{"Children":null,"Asset":{"ContentRootIndex":1,"SubPath":"2aaj5mp889-{0}-mlv21k5csn-mlv21k5csn.gz"},"Patterns":null},"dist":{"Children":{"jquery.js":{"Children":null,"Asset":{"ContentRootIndex":2,"SubPath":"lib/jquery/dist/jquery.js"},"Patterns":null},"jquery.js.gz":{"Children":null,"Asset":{"ContentRootIndex":1,"SubPath":"dwsb5oyn12-{0}-0i3buxo5is-0i3buxo5is.gz"},"Patterns":null},"jquery.min.js":{"Children":null,"Asset":{"ContentRootIndex":2,"SubPath":"lib/jquery/dist/jquery.min.js"},"Patterns":null},"jquery.min.js.gz":{"Children":null,"Asset":{"ContentRootIndex":1,"SubPath":"34dnmfnfjc-{0}-o1o13a6vjx-o1o13a6vjx.gz"},"Patterns":null},"jquery.min.map":{"Children":null,"Asset":{"ContentRootIndex":2,"SubPath":"lib/jquery/dist/jquery.min.map"},"Patterns":null},"jquery.min.map.gz":{"Children":null,"Asset":{"ContentRootIndex":1,"SubPath":"5hswhiub1d-{0}-ttgo8qnofa-ttgo8qnofa.gz"},"Patterns":null},"jquery.slim.js":{"Children":null,"Asset":{"ContentRootIndex":2,"SubPath":"lib/jquery/dist/jquery.slim.js"},"Patterns":null},"jquery.slim.js.gz":{"Children":null,"Asset":{"ContentRootIndex":1,"SubPath":"pxec1eim72-{0}-2z0ns9nrw6-2z0ns9nrw6.gz"},"Patterns":null},"jquery.slim.min.js":{"Children":null,"Asset":{"ContentRootIndex":2,"SubPath":"lib/jquery/dist/jquery.slim.min.js"},"Patterns":null},"jquery.slim.min.js.gz":{"Children":null,"Asset":{"ContentRootIndex":1,"SubPath":"ypfmmz0gqm-{0}-muycvpuwrr-muycvpuwrr.gz"},"Patterns":null},"jquery.slim.min.map":{"Children":null,"Asset":{"ContentRootIndex":2,"SubPath":"lib/jquery/dist/jquery.slim.min.map"},"Patterns":null},"jquery.slim.min.map.gz":{"Children":null,"Asset":{"ContentRootIndex":1,"SubPath":"401lclasih-{0}-87fc7y1x7t-87fc7y1x7t.gz"},"Patterns":null}},"Asset":null,"Patterns":null}},"Asset":null,"Patterns":null},"jquery-validation":{"Children":{"LICENSE.md":{"Children":null,"Asset":{"ContentRootIndex":2,"SubPath":"lib/jquery-validation/LICENSE.md"},"Patterns":null},"LICENSE.md.gz":{"Children":null,"Asset":{"ContentRootIndex":1,"SubPath":"wjxs3bfsu2-{0}-x0q3zqp4vz-x0q3zqp4vz.gz"},"Patterns":null},"dist":{"Children":{"additional-methods.js":{"Children":null,"Asset":{"ContentRootIndex":2,"SubPath":"lib/jquery-validation/dist/additional-methods.js"},"Patterns":null},"additional-methods.js.gz":{"Children":null,"Asset":{"ContentRootIndex":1,"SubPath":"zdpg5jgpqx-{0}-83jwlth58m-83jwlth58m.gz"},"Patterns":null},"additional-methods.min.js":{"Children":null,"Asset":{"ContentRootIndex":2,"SubPath":"lib/jquery-validation/dist/additional-methods.min.js"},"Patterns":null},"additional-methods.min.js.gz":{"Children":null,"Asset":{"ContentRootIndex":1,"SubPath":"0itm25x3zj-{0}-mrlpezrjn3-mrlpezrjn3.gz"},"Patterns":null},"jquery.validate.js":{"Children":null,"Asset":{"ContentRootIndex":2,"SubPath":"lib/jquery-validation/dist/jquery.validate.js"},"Patterns":null},"jquery.validate.js.gz":{"Children":null,"Asset":{"ContentRootIndex":1,"SubPath":"9v53vffjcf-{0}-lzl9nlhx6b-lzl9nlhx6b.gz"},"Patterns":null},"jquery.validate.min.js":{"Children":null,"Asset":{"ContentRootIndex":2,"SubPath":"lib/jquery-validation/dist/jquery.validate.min.js"},"Patterns":null},"jquery.validate.min.js.gz":{"Children":null,"Asset":{"ContentRootIndex":1,"SubPath":"zqfy0jlnd3-{0}-ag7o75518u-ag7o75518u.gz"},"Patterns":null}},"Asset":null,"Patterns":null}},"Asset":null,"Patterns":null},"jquery-validation-unobtrusive":{"Children":{"LICENSE.txt":{"Children":null,"Asset":{"ContentRootIndex":2,"SubPath":"lib/jquery-validation-unobtrusive/LICENSE.txt"},"Patterns":null},"LICENSE.txt.gz":{"Children":null,"Asset":{"ContentRootIndex":1,"SubPath":"fei48t1jqe-{0}-356vix0kms-356vix0kms.gz"},"Patterns":null},"dist":{"Children":{"jquery.validate.unobtrusive.js":{"Children":null,"Asset":{"ContentRootIndex":2,"SubPath":"lib/jquery-validation-unobtrusive/dist/jquery.validate.unobtrusive.js"},"Patterns":null},"jquery.validate.unobtrusive.js.gz":{"Children":null,"Asset":{"ContentRootIndex":1,"SubPath":"hv9b62zihn-{0}-47otxtyo56-47otxtyo56.gz"},"Patterns":null},"jquery.validate.unobtrusive.min.js":{"Children":null,"Asset":{"ContentRootIndex":2,"SubPath":"lib/jquery-validation-unobtrusive/dist/jquery.validate.unobtrusive.min.js"},"Patterns":null},"jquery.validate.unobtrusive.min.js.gz":{"Children":null,"Asset":{"ContentRootIndex":1,"SubPath":"goec6melh0-{0}-4v8eqarkd7-4v8eqarkd7.gz"},"Patterns":null}},"Asset":null,"Patterns":null}},"Asset":null,"Patterns":null}},"Asset":null,"Patterns":null}},"Asset":null,"Patterns":[{"ContentRootIndex":2,"Pattern":"**","Depth":0}]}}